{"mean_face_attr": [0.7961783439490446, 0.10191082802547771, 0.10191082802547771, 0.0, 0.0, 0.0, 0.0, 0.0, 0.0, 0.5173736004340455, 0.0, 6.91215863817344e-05, 0.1150064996927802, -0.05773893409307454], "std_face_attr": [0.4028379184927877, 0.30253100858695353, 0.3025310085869535, 0.0, 0.0, 0.0, 0.0, 0.0, 0.0, 1.0698868213042716, 0.0, 0.26305868095833396, 0.34577231666081387, 0.5197139970725911], "mean_edge_attr": [0.3089700996677741, 0.6710963455149501, 0.019933554817275746, 0.5699658880475033, 0.2558139534883721, 0.09634551495016612, 0.10631229235880399, 0.5348837209302325, 0.08305647840531562, 0.0, 0.0, 0.019933554817275746, 0.0, 0.0, 0.0], "std_edge_attr": [0.4620688013478742, 0.46981490030801437, 0.13977198649809092, 0.7169921626449358, 0.4363177450998538, 0.2950644958295627, 0.30823690378054797, 0.4987816416169119, 0.27596757019661483, 0.0, 0.0, 0.13977198649809225, 0.0, 0.0, 0.0]}